21,23,22
12,12,12
20741443@N00,731
21,23,7,28,22
12,12,12,12,12
20741443@N00,6164
21,23,28,7,22
12,12,12,12,12
20741443@N00,6165
21,23,28,7,22
12,12,12,12,12
20741443@N00,6166
21,23,22
12,12,12
34211328@N00,1931
21,23,7,11,22
12,12,12,12,12
34211328@N00,6470
21,23,7,22
12,12,12,12
34211328@N00,6471
21,23,11,22
12,12,12,12
34211328@N00,6472
21,16,22
12,14,14
35764233@N00,2209
21,8,4,16,22
12,14,14,16,16
35764233@N00,6530
21,16,8,6,22
12,14,14,14,14
35764233@N00,6531
21,13,11,16,22
12,13,15,17,17
35764233@N00,6532
21,23,22
13,14,15
49894734@N00,3454
21,16,23,11,22
13,14,15,15,16
49894734@N00,6662
21,7,23,6,22
13,14,15,16,17
49894734@N00,6663
21,6,27,23,22
13,14,14,15,16
49894734@N00,6664
4,30,22
5,10,10
23908938@N02,1117
4,21,30,11,22
5,5,10,10,10
23908938@N02,6308
4,30,11,24,22
5,10,10,10,10
23908938@N02,6309
4,24,7,30,22
5,7,9,14,14
23908938@N02,6310
21,7,1
16,18,18
20741443@N00,716
21,23,7,1
16,16,18,18
20741443@N00,6152
21,16,7,23,1
16,17,19,19,19
20741443@N00,6153
21,22,7,23,1
16,17,19,19,19
20741443@N00,6154
21,6,7,1
14,15,18,19
37517876@N07,2334
21,28,6,23,7,1
14,15,16,18,21,22
37517876@N07,6542
21,16,6,23,7,1
14,15,16,18,21,22
37517876@N07,6543
21,6,30,23,7,1
14,15,15,17,20,21
37517876@N07,6544
21,23,1
10,10,16
84987970@N00,5253
21,23,30,16,1
10,10,13,19,1
84987970@N00,6875
21,23,16,1
10,10,16,22
84987970@N00,6876
21,23,11,29,1
10,10,10,11,17
84987970@N00,6877
8,16,4,22
14,14,16,17
13672753@N00,302
8,16,4,30,1,22
14,14,16,17,17,18
13672753@N00,6071
8,7,16,24,4,22
14,14,14,15,17,18
13672753@N00,6072
8,7,16,4,1,22
14,14,14,16,17,18
13672753@N00,6073
8,19,22
2,13,14
49503002894@N01,3402
8,7,19,1,22
2,2,13,14,15
49503002894@N01,6653
8,19,7,1,22
2,13,13,14,15
49503002894@N01,6654
8,19,7,22
2,13,13,14
49503002894@N01,6655
8,16,22
3,8,16
49503002894@N01,3403
8,21,16,28,22
3,7,12,18,2
49503002894@N01,6656
8,16,29,23,22
3,8,10,13,21
49503002894@N01,6657
8,28,16,23,22
3,5,10,11,19
49503002894@N01,6658
6,16,11,4,8
6,8,9,12,12
91008793@N00,5555
6,23,16,11,4,21,8
6,8,10,11,14,14,14
91008793@N00,6944
6,23,16,30,11,4,21,8
6,8,10,11,12,15,15,15
91008793@N00,6945
6,21,16,11,30,28,4,8
6,7,9,10,13,15,18,18
91008793@N00,6946
16,21,23,8,28,22,27
13,13,13,14,17,17,19
14878709@N00,454
16,21,23,29,8,24,30,28,22,27
13,13,13,14,15,16,17,20,20,22
14878709@N00,6089
16,21,23,11,7,30,8,28,22,27
13,13,13,13,13,14,15,18,18,20
14878709@N00,6090
16,21,23,8,28,7,22,6,25,11,27
13,13,13,14,17,17,17,18,18,20,22
14878709@N00,6091
30,16,8
9,11,11
13273343@N00,288
30,1,16,8
9,9,11,11
13273343@N00,6062
30,24,16,8
9,9,11,11
13273343@N00,6063
30,22,11,16,8
9,11,12,14,14
13273343@N00,6064
30,22,28,7,8
0,2,2,2,2
8250978@N04,4997
30,22,3,23,28,7,8
0,2,2,2,2,2,2
8250978@N04,6833
30,1,22,28,23,7,8
0,0,2,2,2,2,2
8250978@N04,6834
30,24,16,22,23,28,7,8
0,0,2,4,4,4,4,4
8250978@N04,6835
21,23,28,30,16,1,4,24,7,19
8,8,9,9,10,10,10,12,13,18
8110030@N05,4961
21,23,28,22,3,30,16,1,4,24,25,29,7,19
8,8,9,9,9,9,10,10,10,12,12,13,14,19
8110030@N05,6824
21,23,22,28,30,16,1,4,24,25,7,11,19
8,8,9,10,10,11,11,11,13,13,14,17,22
8110030@N05,6825
21,23,28,30,8,16,1,4,24,7,22,11,25,19
8,8,9,9,10,11,11,11,13,14,16,19,21,2
8110030@N05,6826
23,21,22,7,28
21,22,23,0,0
20741443@N00,729
23,6,25,21,16,22,7,28
21,22,22,23,0,1,2,2
20741443@N00,6158
23,21,11,22,6,30,7,28
21,22,23,0,1,1,2,2
20741443@N00,6159
23,21,16,22,8,7,28
21,22,23,0,1,2,2
20741443@N00,6160
23,22,28
10,13,14
20741443@N00,825
23,29,24,22,28
10,11,12,15,16
20741443@N00,6218
23,29,24,22,28
10,11,12,15,16
20741443@N00,6219
23,7,30,22,28
10,10,13,16,17
20741443@N00,6220
23,22,28
20,20,21
23987663@N00,1135
23,22,11,8,28
20,20,21,22,23
23987663@N00,6323
23,11,7,22,28
20,20,20,20,21
23987663@N00,6324
23,7,8,22,28
20,20,20,20,21
23987663@N00,6325
23,21,28
9,10,10
47554402@N00,3045
23,7,11,21,28
9,9,9,10,10
47554402@N00,6632
23,21,28
9,10,10
47554402@N00,6633
23,3,21,28
9,9,10,10
47554402@N00,6634
22,8,3
5,7,17
49503002894@N01,3401
22,8,28,21,3
5,7,9,11,21
49503002894@N01,6650
22,8,24,28,3
5,7,8,10,20
49503002894@N01,6651
22,30,4,8,3
5,7,9,11,21
49503002894@N01,6652
22,28,23,3
7,17,17,17
84987970@N00,5324
22,28,7,23,3
7,17,17,17,17
84987970@N00,6908
22,30,21,28,23,3
7,9,11,21,21,21
84987970@N00,6909
22,28,7,6,23,3
7,17,17,17,17,17
84987970@N00,6910
6,16,4
10,12,14
44124367252@N01,2838
6,16,8,22,4
10,12,12,12,14
44124367252@N01,6611
6,13,11,16,4
10,12,14,16,18
44124367252@N01,6612
6,16,24,30,4
10,12,13,14,16
44124367252@N01,6613
20,6,25,11,30,24
1,3,4,5,7,8
32827327@N03,1786
20,6,4,25,11,30,16,24
1,3,3,4,5,7,8,9
32827327@N03,6437
20,6,22,25,21,11,30,24
1,3,4,5,6,7,9,10
32827327@N03,6438
20,6,25,16,23,7,11,30,24
1,3,4,4,5,6,7,9,10
32827327@N03,6439
27,11,8
5,5,9
72236905@N00,4474
27,11,23,8
5,5,7,11
72236905@N00,6785
27,11,16,8
5,5,6,10
72236905@N00,6786
27,11,21,8
5,5,6,10
72236905@N00,6787
30,22,28,23
7,12,12,12
14391210@N00,380
30,1,22,28,7,23
7,7,12,12,12,12
14391210@N00,6083
30,11,22,28,7,23
7,7,12,12,12,12
14391210@N00,6084
30,22,28,7,23
7,12,12,12,12
14391210@N00,6085
30,7,28,23
4,7,7,7
20741443@N00,814
30,22,7,8,28,23
4,6,9,9,9,9
20741443@N00,6206
30,21,7,28,22,23
4,6,9,9,9,9
20741443@N00,6207
30,7,8,28,22,23
4,7,7,7,7,7
20741443@N00,6208
30,28,23
13,13,14
20741443@N00,963
30,11,24,28,23
13,13,13,13,14
20741443@N00,6272
30,24,28,22,23
13,13,13,13,14
20741443@N00,6273
30,11,24,28,23
13,13,13,13,14
20741443@N00,6274
30,1,8,16,23
7,7,8,8,10
86292040@N00,5377
30,1,7,8,16,23
7,7,8,9,9,11
86292040@N00,6926
30,1,8,4,16,29,6,23
7,7,8,8,8,10,12,14
86292040@N00,6927
30,1,4,8,6,16,7,23
7,7,7,8,8,8,9,11
86292040@N00,6928
22,29,11
6,7,7
32944866@N04,1796
22,28,29,6,11
6,7,8,8,8
32944866@N04,6443
22,28,16,29,11
6,7,8,9,9
32944866@N04,6444
22,23,28,29,11
6,6,7,8,8
32944866@N04,6445
22,29,11
10,11,12
7776449@N06,4756
22,28,16,29,11
10,11,12,13,14
7776449@N06,6806
22,3,23,29,11
10,10,10,11,12
7776449@N06,6807
22,25,16,29,11
10,11,11,12,13
7776449@N06,6808
22,29,24,11
12,13,16,19
84987970@N00,5282
22,29,7,24,25,11
12,13,15,18,18,21
84987970@N00,6896
22,29,21,24,30,11
12,13,16,19,20,23
84987970@N00,6897
22,25,29,24,13,11
12,13,14,17,20,23
84987970@N00,6898
8,24,30
9,9,11
61239510@N00,3960
8,24,16,21,30
9,9,11,13,15
61239510@N00,6716
8,24,25,16,30
9,9,9,11,13
61239510@N00,6717
8,6,7,24,30
9,9,9,9,11
61239510@N00,6718
29,22,28,23,21,27
10,11,11,12,12,16
84987970@N00,5277
29,30,6,11,22,28,23,21,27
10,10,10,10,11,11,12,12,16
84987970@N00,6890
29,22,28,16,23,7,21,11,27
10,11,11,12,13,13,13,14,18
84987970@N00,6891
29,22,28,16,23,21,6,25,27
10,11,11,12,13,13,14,14,18
84987970@N00,6892
30,7,21
11,11,16
20741443@N00,920
30,1,7,8,21
11,11,11,11,16
20741443@N00,6257
30,24,7,11,21
11,11,11,14,19
20741443@N00,6258
30,7,16,28,21
11,11,12,13,18
20741443@N00,6259
30,7,21
13,13,14
20741443@N00,965
30,24,7,23,21
13,13,13,13,14
20741443@N00,6275
30,24,25,7,21
13,13,13,13,14
20741443@N00,6276
30,1,7,6,21
13,13,13,13,14
20741443@N00,6277
30,27,21
8,9,9
28288718@N03,1421
30,7,27,21
8,9,10,10
28288718@N03,6389
30,27,21
8,9,9
28288718@N03,6390
30,27,21
8,9,9
28288718@N03,6391
30,16,8,21
10,10,11,16
32934461@N00,1792
30,1,16,8,23,21
10,10,10,11,13,18
32934461@N00,6440
30,16,7,1,8,21
10,10,11,12,13,18
32934461@N00,6441
30,1,4,16,8,21
10,10,10,10,11,16
32934461@N00,6442
30,7,23,21
12,12,12,13
58919362@N00,3856
30,7,8,23,28,21
12,12,12,12,12,13
58919362@N00,6701
30,11,7,23,6,21
12,12,12,12,13,14
58919362@N00,6702
30,24,25,7,23,21
12,12,12,12,12,13
58919362@N00,6703
30,7,22,23,21
18,18,19,19,19
84711541@N00,5099
30,7,22,23,3,21
18,18,19,19,19,19
84711541@N00,6845
30,7,6,22,23,3,29,21
18,18,18,19,19,19,19,19
84711541@N00,6846
30,24,11,7,22,3,23,21
18,18,18,18,19,19,19,19
84711541@N00,6847
10,21,28,22
18,20,20,21
23987663@N00,1128
10,21,23,28,22
18,20,20,20,21
23987663@N00,6320
10,21,28,22
18,20,20,21
23987663@N00,6321
10,21,28,7,22
18,20,20,20,21
23987663@N00,6322
17,2,14
12,14,16
15205252@N00,472
17,2,14
12,14,16
15205252@N00,6092
17,2,14
12,14,16
15205252@N00,6093
17,2,14
12,14,16
15205252@N00,6094
17,2,14
7,7,13
34211328@N00,1937
17,2,14
7,7,13
34211328@N00,6479
17,2,14
7,7,13
34211328@N00,6480
17,2,14
7,7,13
34211328@N00,6481
3,23,27
8,9,10
10627620@N06,99
3,29,23,27
8,8,9,10
10627620@N06,6038
3,29,23,6,27
8,8,9,10,11
10627620@N06,6039
3,29,11,23,27
8,8,8,9,10
10627620@N06,6040
24,8,16
7,8,8
37996606796@N01,2401
24,30,8,22,16
7,8,9,9,9
37996606796@N01,6557
24,30,8,16
7,8,9,9
37996606796@N01,6558
24,30,1,8,16
7,8,8,9,9
37996606796@N01,6559
24,7,28
10,13,17
20741443@N00,980
24,25,7,28
10,10,13,17
20741443@N00,6284
24,30,7,22,28
10,11,14,16,20
20741443@N00,6285
24,7,23,22,28
10,13,13,14,18
20741443@N00,6286
24,7,23,28
7,12,13,15
20741443@N00,988
24,7,8,6,23,28
7,12,12,12,13,15
20741443@N00,6287
24,22,7,30,23,28
7,11,16,17,18,20
20741443@N00,6288
24,16,7,8,23,28
7,9,14,14,15,17
20741443@N00,6289
16,4,30
21,21,21
11349639@N00,169
16,8,4,21,30
21,21,21,21,21
11349639@N00,6059
16,8,4,21,30
21,21,21,21,21
11349639@N00,6060
16,8,4,30
21,21,21,21
11349639@N00,6061
16,8,30
7,7,12
13528098@N00,294
16,8,30
7,7,12
13528098@N00,6065
16,8,23,30
7,7,9,14
13528098@N00,6066
16,8,30
7,7,12
13528098@N00,6067
3,21,22,6
13,15,16,16
91255327@N00,5575
3,30,21,22,23,6
13,14,16,17,17,17
91255327@N00,6950
3,21,16,22,23,6
13,15,16,17,17,17
91255327@N00,6951
3,29,21,22,23,6
13,13,15,16,16,16
91255327@N00,6952
16,11,23
14,18,21
16326397@N02,515
16,11,21,27,23
14,18,19,20,23
16326397@N02,6098
16,11,7,21,23
14,18,18,19,22
16326397@N02,6099
16,11,25,7,23
14,18,20,22,1
16326397@N02,6100
16,22,23
21,22,22
16693950@N00,523
16,24,30,22,23
21,22,23,0,0
16693950@N00,6101
16,24,25,22,23
21,22,23,0,0
16693950@N00,6102
16,22,3,23
21,22,22,22
16693950@N00,6103
16,4,25
8,12,18
49877040@N03,3438
16,24,30,4,25
8,9,10,14,20
49877040@N03,6659
16,1,30,4,25
8,11,14,18,0
49877040@N03,6660
16,13,8,4,25
8,12,14,18,0
49877040@N03,6661
16,8,30,11,25
9,10,10,10,12
71482738@N00,4450
16,8,30,24,11,22,6,25
9,10,10,10,10,12,13,15
71482738@N00,6779
16,8,30,24,11,22,25
9,10,10,10,10,12,14
71482738@N00,6780
16,4,21,8,30,24,11,25
9,10,10,11,11,11,11,13
71482738@N00,6781
11,29,6,23,22
16,17,17,18,19
34211328@N00,1940
11,16,29,6,21,23,8,22
16,17,18,18,19,20,21,22
34211328@N00,6485
11,24,16,29,30,6,23,22
16,17,18,19,19,19,20,21
34211328@N00,6486
11,16,25,29,6,23,22
16,17,18,19,19,20,21
34211328@N00,6487
11,27,23
10,12,13
37517876@N07,2331
11,21,30,27,23
10,11,13,15,16
37517876@N07,6539
11,7,27,6,23
10,10,12,13,14
37517876@N07,6540
11,27,6,22,23
10,12,13,14,15
37517876@N07,6541
21,6,23
9,11,14
73416633@N00,4506
21,27,29,6,23
9,11,13,15,18
73416633@N00,6791
21,6,30,22,23
9,11,11,12,15
73416633@N00,6792
21,6,11,16,23
9,11,13,16,19
73416633@N00,6793
21,22,23
14,14,15
84987970@N00,5256
21,22,23
14,14,15
84987970@N00,6881
21,22,8,28,23
14,14,15,16,17
84987970@N00,6882
21,22,25,23
14,14,15,16
84987970@N00,6883
28,22,1,7
19,20,22,22
26344918@N04,1321
28,22,1,4,16,7
19,20,22,22,22,22
26344918@N04,6365
28,22,25,1,16,7
19,20,21,23,23,23
26344918@N04,6366
28,30,22,1,16,7
19,20,21,23,23,23
26344918@N04,6367
28,22,16,30,7
10,11,12,12,12
91032493@N00,5556
28,22,23,16,8,30,7
10,11,11,12,12,12,12
91032493@N00,6947
28,22,25,16,30,24,7
10,11,12,13,13,13,13
91032493@N00,6948
28,23,22,16,8,30,7
10,10,11,12,12,12,12
91032493@N00,6949
30,24,25,11
6,6,6,10
24854893@N00,1237
30,24,25,16,11
6,6,6,6,10
24854893@N00,6338
30,24,25,11
6,6,6,10
24854893@N00,6339
30,24,25,6,11
6,6,6,8,12
24854893@N00,6340
7,22,23,29
21,22,22,0
20741443@N00,979
7,1,22,3,23,29
21,22,23,23,23,1
20741443@N00,6281
7,30,1,22,23,29
21,22,23,0,0,2
20741443@N00,6282
7,16,22,3,23,29
21,22,23,23,23,1
20741443@N00,6283
7,28,29
7,8,11
34211328@N00,1969
7,30,16,28,29
7,8,9,10,13
34211328@N00,6494
7,8,16,28,29
7,7,8,9,12
34211328@N00,6495
7,30,28,3,29
7,8,9,11,14
34211328@N00,6496
7,22,23,3,29
15,22,22,23,0
84987970@N00,5214
7,22,23,28,3,29
15,22,22,22,23,0
84987970@N00,6860
7,19,1,22,23,3,29
15,20,21,4,4,5,6
84987970@N00,6861
7,24,30,22,23,3,29
15,17,18,1,1,2,3
84987970@N00,6862
30,24,4
7,8,12
34211328@N00,1918
30,23,11,24,4
7,8,8,9,13
34211328@N00,6467
30,24,8,28,4
7,8,10,12,16
34211328@N00,6468
30,24,7,11,4
7,8,10,13,17
34211328@N00,6469
30,7,16,4
12,13,14,15
35237095252@N01,2158
30,11,7,16,24,4
12,12,13,14,15,16
35237095252@N01,6518
30,8,7,28,16,4
12,13,14,15,16,17
35237095252@N01,6519
30,8,7,1,16,4
12,13,14,15,16,17
35237095252@N01,6520
4,2,17
7,9,13
84987970@N00,5207
4,30,2,14,17
7,8,10,13,17
84987970@N00,6857
4,2,14,17
7,9,12,16
84987970@N00,6858
4,30,2,14,17
7,8,10,13,17
84987970@N00,6859
23,28,16
1,1,1
14878709@N00,453
23,28,22,16
1,1,1,1
14878709@N00,6086
23,11,7,28,16
1,1,1,1,1
14878709@N00,6087
23,28,7,16
1,1,1,1
14878709@N00,6088
23,22,16
19,19,19
18412989@N00,619
23,11,22,16
19,19,19,19
18412989@N00,6116
23,7,28,22,16
19,19,19,19,19
18412989@N00,6117
23,7,8,22,16
19,19,19,19,19
18412989@N00,6118
23,30,16
3,3,4
60142746@N00,3898
23,11,7,30,16
3,3,3,3,4
60142746@N00,6707
23,28,30,11,16
3,3,3,3,4
60142746@N00,6708
23,30,6,7,16
3,3,4,5,6
60142746@N00,6709
23,22,16
10,12,14
93241698@N00,5649
23,21,22,11,16
10,11,13,14,16
93241698@N00,6962
23,8,22,11,16
10,11,13,14,16
93241698@N00,6963
23,8,22,4,16
10,11,13,15,17
93241698@N00,6964
17,14,27,11
12,12,14,18
34211328@N00,1938
17,14,27,11
12,12,14,18
34211328@N00,6482
17,14,27,23,13,11
12,12,14,16,20,0
34211328@N00,6483
17,14,27,11
12,12,14,18
34211328@N00,6484
29,23,21
8,13,15
20741443@N00,911
29,23,3,30,21
8,13,13,14,16
20741443@N00,6254
29,30,23,11,21
8,8,13,13,15
20741443@N00,6255
29,8,6,23,21
8,9,9,14,16
20741443@N00,6256
29,27,21
12,13,16
20741443@N00,928
29,27,23,8,21
12,13,15,16,19
20741443@N00,6263
29,11,22,27,21
12,12,13,14,17
20741443@N00,6264
29,30,11,27,21
12,12,12,13,16
20741443@N00,6265
29,6,22,28,21
14,15,15,15,16
48678427@N06,3149
29,6,22,3,23,28,21
14,15,15,15,15,15,16
48678427@N06,6644
29,6,30,4,22,28,23,21
14,15,15,15,15,15,15,16
48678427@N06,6645
29,8,7,23,6,22,28,21
14,15,15,15,16,16,16,17
48678427@N06,6646
4,16,8
5,8,8
64834051@N00,4182
4,21,16,8
5,5,8,8
64834051@N00,6740
4,21,16,8
5,5,8,8
64834051@N00,6741
4,16,8
5,8,8
64834051@N00,6742
4,16,8
9,9,9
68803445@N00,4326
4,21,16,8
9,9,9,9
68803445@N00,6758
4,21,23,16,8
9,9,9,9,9
68803445@N00,6759
4,21,23,16,8
9,9,9,9,9
68803445@N00,6760
25,7,30
10,12,13
51260381@N05,3556
25,4,21,7,30
10,11,12,14,15
51260381@N05,6683
25,7,16,24,30
10,12,13,14,15
51260381@N05,6684
25,7,1,29,30
10,12,13,13,14
51260381@N05,6685
21,23,24
16,16,17
18412989@N00,623
21,23,11,8,24
16,16,16,17,18
18412989@N00,6119
21,23,29,24
16,16,17,18
18412989@N00,6120
21,23,29,30,24
16,16,17,17,18
18412989@N00,6121
21,13,8,24
12,13,15,17
25133522@N00,1259
21,11,16,13,8,24
12,13,14,15,17,19
25133522@N00,6344
21,13,11,8,7,24
12,13,15,17,17,19
25133522@N00,6345
21,6,13,8,30,24
12,13,14,16,17,19
25133522@N00,6346
7,30,22
12,13,13
11191102@N07,162
7,6,16,30,22
12,12,13,14,14
11191102@N07,6053
7,28,30,11,22
12,13,14,14,14
11191102@N07,6054
7,16,30,1,22
12,13,14,14,14
11191102@N07,6055
7,30,21,23,22
14,14,15,18,19
20741443@N00,783
7,30,21,27,23,8,6,22
14,14,15,17,20,21,21,22
20741443@N00,6185
7,30,21,6,11,23,28,22
14,14,15,16,17,20,20,21
20741443@N00,6186
7,6,27,30,21,16,23,22
14,14,14,14,15,16,19,20
20741443@N00,6187
7,30,4,16,8,28,22
3,3,4,4,4,5,5
36357702@N08,2252
7,6,23,30,4,21,16,8,24,28,22
3,3,3,3,4,4,4,4,5,6,6
36357702@N08,6533
7,30,4,16,8,24,28,22
3,3,4,4,4,5,6,6
36357702@N08,6534
7,30,6,4,16,8,28,23,22
3,3,4,5,5,5,6,6,6
36357702@N08,6535
3,21,23
10,10,11
84987970@N00,5228
3,29,11,21,23
10,10,10,10,11
84987970@N00,6866
3,29,21,7,23
10,10,10,11,12
84987970@N00,6867
3,21,28,22,23
10,10,11,11,12
84987970@N00,6868
16,17,19
20,20,20
24854893@N00,1225
16,17,19
20,20,20
24854893@N00,6335
16,17,19
20,20,20
24854893@N00,6336
16,17,19
20,20,20
24854893@N00,6337
28,22,6
9,9,10
46769540@N00,3008
28,7,22,29,6
9,9,9,10,11
46769540@N00,6623
28,23,22,29,6
9,9,9,10,11
46769540@N00,6624
28,7,22,25,6
9,9,9,10,11
46769540@N00,6625
7,8,16
9,10,11
23119895@N00,1078
7,8,30,11,16
9,10,11,11,12
23119895@N00,6299
7,23,30,8,16
9,9,10,11,12
23119895@N00,6300
7,1,4,8,16
9,10,10,11,12
23119895@N00,6301
7,1,16
9,12,12
30855862@N07,1627
7,24,22,1,16
9,11,13,16,16
30855862@N07,6422
7,23,30,1,16
9,9,10,13,13
30855862@N07,6423
7,1,4,21,16
9,12,12,12,12
30855862@N07,6424
7,30,16
17,17,17
39357749@N00,2440
7,23,30,11,16
17,17,17,17,17
39357749@N00,6563
7,8,30,11,16
17,17,17,17,17
39357749@N00,6564
7,8,30,24,16
17,17,17,17,17
39357749@N00,6565
7,22,30,16
7,9,10,10
65438265@N00,4198
7,22,8,6,30,16
7,9,10,10,11,11
65438265@N00,6743
7,22,23,3,30,16
7,9,9,9,10,10
65438265@N00,6744
7,22,30,1,29,16
7,9,10,10,10,10
65438265@N00,6745
7,28,23,21,3,4,8,16
9,10,10,10,10,14,14,14
85801042@N00,5369
7,28,23,21,3,30,24,4,8,16
9,10,10,10,10,11,11,15,15,15
85801042@N00,6923
7,1,30,28,23,21,3,4,8,6,25,16
9,10,11,12,12,12,12,16,16,16,16,16
85801042@N00,6924
7,28,22,23,21,3,29,30,4,8,16
9,10,10,10,10,10,10,11,15,15,15
85801042@N00,6925
7,22,16
10,10,17
92487715@N03,5640
7,23,28,22,16
10,10,10,10,17
92487715@N03,6956
7,6,22,28,16
10,10,10,11,18
92487715@N03,6957
7,22,25,21,16
10,10,11,12,19
92487715@N03,6958
8,16,13
4,4,8
34211328@N00,1949
8,16,23,29,13
4,4,5,7,11
34211328@N00,6488
8,16,29,6,13
4,4,6,6,10
34211328@N00,6489
8,16,29,6,13
4,4,6,6,10
34211328@N00,6490
7,30,8
9,10,10
16926694@N06,544
7,23,21,30,8
9,9,10,11,11
16926694@N06,6110
7,6,30,24,8
9,9,10,10,10
16926694@N06,6111
7,23,30,24,8
9,9,10,10,10
16926694@N06,6112
7,16,4,8
4,6,6,7
20456447@N03,687
7,6,16,4,21,8
4,4,6,6,6,7
20456447@N03,6140
7,28,21,16,4,8
4,5,7,9,9,10
20456447@N03,6141
7,22,16,4,8
4,6,8,8,9
20456447@N03,6142
7,16,8
6,6,7
89613559@N07,5530
7,6,16,4,8
6,6,6,7,8
89613559@N07,6935
7,6,23,16,8
6,6,6,6,7
89613559@N07,6936
7,16,30,4,8
6,6,7,8,9
89613559@N07,6937
7,30,8
4,5,13
96684313@N00,5856
7,16,30,11,8
4,5,6,6,14
96684313@N00,6989
7,23,1,30,8
4,4,5,6,14
96684313@N00,6990
7,30,1,8
4,5,5,13
96684313@N00,6991
21,23,6,25,27
17,18,19,20,0
7776449@N06,4758
21,23,6,30,11,4,25,27
17,18,19,19,19,19,20,0
7776449@N06,6809
21,23,22,8,6,25,11,27
17,18,19,20,21,22,0,4
7776449@N06,6810
21,23,6,4,22,11,25,27
17,18,19,19,20,21,22,2
7776449@N06,6811
3,21,22,25
8,8,9,10
84987970@N00,5183
3,29,21,6,22,25
8,8,8,9,10,11
84987970@N00,6854
3,29,21,7,22,25
8,8,8,9,10,11
84987970@N00,6855
3,21,22,11,24,25
8,8,9,10,11,12
84987970@N00,6856
25,22,23,21
9,12,12,12
94725783@N00,5759
25,22,23,7,6,21
9,12,12,12,12,12
94725783@N00,6980
25,22,3,23,11,21
9,12,12,12,12,12
94725783@N00,6981
25,22,3,29,23,21
9,12,12,12,12,12
94725783@N00,6982
25,23,29
11,11,11
22979982@N06,1063
25,16,23,28,29
11,11,11,11,11
22979982@N06,6293
25,23,28,22,29
11,11,11,11,11
22979982@N06,6294
25,23,28,3,29
11,11,11,11,11
22979982@N06,6295
25,6,22,21,28
6,8,8,9,9
75450299@N07,4578
25,6,30,4,22,11,21,28
6,8,8,8,8,9,10,10
75450299@N07,6797
25,6,30,22,11,29,21,28
6,8,8,8,9,10,11,11
75450299@N07,6798
25,6,30,22,21,23,28
6,8,8,8,9,9,9
75450299@N07,6799
29,30,16
13,14,15
29352917@N00,1524
29,30,23,7,16
13,14,15,16,17
29352917@N00,6401
29,13,30,16
13,14,15,16
29352917@N00,6402
29,30,6,21,16
13,14,15,16,17
29352917@N00,6403
1,7,28
13,13,13
78433558@N00,4805
1,16,7,8,28
13,13,13,13,13
78433558@N00,6818
1,29,11,7,28
13,13,13,13,13
78433558@N00,6819
1,29,7,8,28
13,13,13,13,13
78433558@N00,6820
8,30,16
9,9,13
20741443@N00,898
8,22,3,30,16
9,9,9,9,13
20741443@N00,6245
8,22,7,30,16
9,9,9,9,13
20741443@N00,6246
8,7,30,11,16
9,9,9,9,13
20741443@N00,6247
8,4,16
8,8,9
26736723@N00,1335
8,22,3,4,16
8,8,8,8,9
26736723@N00,6368
8,22,3,4,16
8,8,8,8,9
26736723@N00,6369
8,4,21,22,16
8,8,8,9,10
26736723@N00,6370
8,4,16
8,8,9
29619840@N00,1536
8,4,21,22,16
8,8,8,9,10
29619840@N00,6407
8,6,4,1,16
8,8,8,9,10
29619840@N00,6408
8,22,3,4,16
8,8,8,8,9
29619840@N00,6409
8,4,16
6,6,10
48784629@N00,3155
8,4,21,22,16
6,6,6,9,13
48784629@N00,6647
8,22,4,30,16
6,6,6,7,11
48784629@N00,6648
8,22,3,4,16
6,6,6,6,10
48784629@N00,6649
16,7,28
11,13,15
50542255@N00,3469
16,25,29,7,28
11,12,14,16,18
50542255@N00,6665
16,7,30,8,28
11,13,14,15,17
50542255@N00,6666
16,7,30,8,28
11,13,14,15,17
50542255@N00,6667
16,4,22,28
4,4,6,7
67694608@N00,4284
16,4,21,22,23,28
4,4,4,6,6,7
67694608@N00,6752
16,8,4,22,28
4,4,4,6,7
67694608@N00,6753
16,8,4,1,22,28
4,4,4,5,7,8
67694608@N00,6754
16,8,30,7
15,15,15,15
22996605@N05,1066
16,8,30,1,7
15,15,15,15,15
22996605@N05,6296
16,8,30,7
15,15,15,15
22996605@N05,6297
16,8,30,11,29,7
15,15,15,15,15,15
22996605@N05,6298
16,8,30,7
15,15,15,15
30624156@N00,1591
16,8,22,30,11,7
15,15,15,15,15,15
30624156@N00,6410
16,8,22,30,7
15,15,15,15,15
30624156@N00,6411
16,8,6,30,7
15,15,15,15,15
30624156@N00,6412
22,11,7
6,6,6
34608255@N08,2036
22,23,11,29,7
6,6,6,6,6
34608255@N08,6500
22,23,11,7
6,6,6,6
34608255@N08,6501
22,11,29,30,7
6,6,6,6,6
34608255@N08,6502
25,29,8
21,22,0
9911655@N08,5947
25,16,29,30,8
21,21,22,22,0
9911655@N08,7007
25,29,11,13,8
21,22,22,23,1
9911655@N08,7008
25,16,23,29,8
21,21,22,23,1
9911655@N08,7009
30,23,21,22
1,3,3,6
51035555243@N01,3493
30,11,23,28,21,22
1,1,3,3,3,6
51035555243@N01,6671
30,23,3,29,21,22
1,3,3,3,3,6
51035555243@N01,6672
30,23,21,28,7,22
1,3,3,4,5,8
51035555243@N01,6673
30,24,22
8,8,12
58919362@N00,3851
30,11,24,28,22
8,8,8,10,14
58919362@N00,6698
30,24,11,4,22
8,8,11,14,18
58919362@N00,6699
30,11,24,22
8,8,8,12
58919362@N00,6700
22,28,4
11,11,14
60597745@N00,3932
22,23,28,25,4
11,11,11,13,16
60597745@N00,6710
22,28,16,6,4
11,11,12,14,17
60597745@N00,6711
22,28,16,25,4
11,11,12,14,17
60597745@N00,6712
22,16,4
7,9,11
61377999@N03,3968
22,23,16,25,4
7,7,9,10,12
61377999@N03,6722
22,29,16,30,4
7,8,10,11,13
61377999@N03,6723
22,23,16,6,4
7,7,9,11,13
61377999@N03,6724
22,30,8
13,13,13
27008470@N00,1344
22,23,30,11,8
13,13,13,13,13
27008470@N00,6371
22,23,3,30,8
13,13,13,13,13
27008470@N00,6372
22,30,1,16,8
13,13,13,13,13
27008470@N00,6373
22,16,8
7,9,11
9416709@N08,5715
22,16,29,30,8
7,9,11,11,13
9416709@N08,6971
22,4,30,16,8
7,9,10,12,14
9416709@N08,6972
22,29,13,16,8
7,8,9,11,13
9416709@N08,6973
1,30,7
4,12,12
20741443@N00,852
1,30,24,25,7
4,12,12,12,12
20741443@N00,6224
1,30,11,24,7
4,12,12,12,12
20741443@N00,6225
1,22,30,11,7
4,8,16,16,16
20741443@N00,6226
1,30,7
13,14,14
37517876@N07,2338
1,30,24,25,7
13,14,14,14,14
37517876@N07,6545
1,16,4,30,7
13,13,13,14,14
37517876@N07,6546
1,30,11,29,7
13,14,14,14,14
37517876@N07,6547
6,11,26
4,7,12
24395354@N02,1179
6,7,16,11,26
4,7,8,11,16
24395354@N02,6329
6,4,21,11,26
4,4,5,8,13
24395354@N02,6330
6,11,26
4,7,12
24395354@N02,6331
8,30,28,23
4,7,12,13
20741443@N00,813
8,6,11,30,28,23
4,4,6,9,14,15
20741443@N00,6203
8,7,30,22,28,23
4,4,7,9,14,15
20741443@N00,6204
8,7,22,30,28,23
4,4,4,7,12,13
20741443@N00,6205
23,28,22
7,7,8
20741443@N00,821
23,7,28,16,22
7,7,7,8,9
20741443@N00,6212
23,11,7,28,22
7,7,7,7,8
20741443@N00,6213
23,11,7,28,22
7,7,7,7,8
20741443@N00,6214
23,21,22
8,8,9
33547369@N00,1877
23,21,7,11,22
8,8,9,10,11
33547369@N00,6458
23,7,6,21,22
8,8,8,8,9
33547369@N00,6459
23,21,28,7,22
8,8,9,9,10
33547369@N00,6460
23,21,22
11,12,12
35468159247@N01,2198
23,21,22
11,12,12
35468159247@N01,6524
23,7,11,21,22
11,11,11,12,12
35468159247@N01,6525
23,7,28,21,22
11,11,11,12,12
35468159247@N01,6526
23,13,21,1,22
6,10,12,14,18
35764233@N00,2207
23,29,13,21,7,1,4,22
6,7,11,13,14,16,16,20
35764233@N00,6527
23,6,13,21,1,16,4,22
6,7,11,13,15,15,15,19
35764233@N00,6528
23,13,30,21,28,1,7,22
6,10,10,12,13,15,16,20
35764233@N00,6529
23,28,22
7,7,8
39587684@N00,2499
23,28,7,22
7,7,7,8
39587684@N00,6584
23,28,7,22
7,7,7,8
39587684@N00,6585
23,7,28,30,22
7,7,7,8,9
39587684@N00,6586
7,30,23
4,6,6
20741443@N00,712
7,30,11,29,23
4,6,6,6,6
20741443@N00,6149
7,1,30,2,23
4,5,7,7,7
20741443@N00,6150
7,6,27,30,23
4,4,4,6,6
20741443@N00,6151
7,22,23
8,10,11
20741443@N00,722
7,22,6,25,23
8,10,11,11,12
20741443@N00,6155
7,22,25,29,23
8,10,11,12,13
20741443@N00,6156
7,6,22,29,23
8,8,10,11,12
20741443@N00,6157
7,28,23
13,14,16
20741443@N00,730
7,28,22,25,23
13,14,14,16,18
20741443@N00,6161
7,8,30,28,23
13,13,14,15,17
20741443@N00,6162
7,28,3,29,23
13,14,16,16,18
20741443@N00,6163
7,21,28,23
11,16,17,17
20741443@N00,929
7,16,21,28,22,23
11,12,17,18,18,18
20741443@N00,6266
7,21,16,28,22,23
11,16,17,18,18,18
20741443@N00,6267
7,21,28,22,23
11,16,17,17,17
20741443@N00,6268
7,30,22,21,23
7,7,8,11,11
34211328@N00,1968
7,8,4,30,22,21,23
7,7,7,7,8,11,11
34211328@N00,6491
7,6,30,8,22,21,23
7,7,7,8,9,12,12
34211328@N00,6492
7,8,30,24,22,21,23
7,7,7,7,8,11,11
34211328@N00,6493
7,21,23
6,7,8
43334562@N00,2795
7,8,21,6,23
6,6,7,8,9
43334562@N00,6605
7,6,30,21,23
6,6,6,7,8
43334562@N00,6606
7,6,21,22,23
6,6,7,8,9
43334562@N00,6607
22,28,6
4,10,13
34619038@N00,2039
22,30,28,25,6
4,6,12,14,17
34619038@N00,6503
22,3,30,28,6
4,4,6,12,15
34619038@N00,6504
22,21,8,28,6
4,6,8,14,17
34619038@N00,6505
22,25,6
12,12,13
39038071@N00,2431
22,25,21,6
12,12,13,14
39038071@N00,6560
22,25,6
12,12,13
39038071@N00,6561
22,25,29,6
12,12,13,14
39038071@N00,6562
16,4,22
5,5,11
11191102@N07,155
16,8,4,24,22
5,5,5,7,13
11191102@N07,6047
16,4,24,25,22
5,5,7,13,19
11191102@N07,6048
16,8,4,22
5,5,5,11
11191102@N07,6049
16,23,28,22
6,6,8,8
29352917@N00,1523
16,8,23,7,28,22
6,6,6,6,8,8
29352917@N00,6398
16,23,28,7,6,22
6,6,8,8,8,8
29352917@N00,6399
16,8,23,21,28,22
6,6,6,7,9,9
29352917@N00,6400
16,8,4
8,8,9
67952341@N00,4308
16,8,24,4
8,8,9,10
67952341@N00,6755
16,8,24,4
8,8,9,10
67952341@N00,6756
16,8,24,4
8,8,9,10
67952341@N00,6757
8,16,4,1,29
6,7,9,9,9
34128007@N04,1912
8,30,6,16,24,4,1,29
6,7,8,9,10,12,12,12
34128007@N04,6464
8,22,16,4,10,1,29
6,6,7,9,9,9,9
34128007@N04,6465
8,22,16,4,21,1,29
6,6,7,9,9,9,9
34128007@N04,6466
8,30,7
9,9,14
20741443@N00,867
8,4,21,30,7
9,9,9,9,14
20741443@N00,6227
8,6,27,30,7
9,9,9,9,14
20741443@N00,6228
8,4,21,30,7
9,9,9,9,14
20741443@N00,6229
8,16,7
10,11,11
34211328@N00,1934
8,24,25,16,7
10,11,11,12,12
34211328@N00,6476
8,30,16,7
10,11,12,12
34211328@N00,6477
8,22,16,7
10,10,11,11
34211328@N00,6478
8,22,28,16,7
10,11,11,13,15
57519914@N00,3767
8,22,23,28,25,16,21,7
10,11,11,11,13,15,17,19
57519914@N00,6695
8,24,22,28,30,16,23,7
10,11,12,12,13,15,16,18
57519914@N00,6696
8,24,22,28,16,25,29,7
10,11,12,12,14,15,16,18
57519914@N00,6697
11,13,30
4,8,9
23339848@N00,1089
11,23,13,30
4,6,10,11
23339848@N00,6305
11,16,29,13,30
4,5,7,11,12
23339848@N00,6306
11,13,30
4,8,9
23339848@N00,6307
16,4,8
5,5,7
13907834@N00,315
16,4,10,21,8
5,5,5,5,7
13907834@N00,6074
16,4,24,8
5,5,7,9
13907834@N00,6075
16,4,8
5,5,7
13907834@N00,6076
16,6,30,8
4,6,6,8
23269969@N00,1082
16,23,6,30,21,8
4,5,7,7,9,11
23269969@N00,6302
16,7,22,6,30,8
4,5,7,9,9,11
23269969@N00,6303
16,6,27,30,24,8
4,6,6,6,6,8
23269969@N00,6304
16,4,8
4,8,10
84518681@N00,5073
16,30,4,1,8
4,5,9,10,12
84518681@N00,6842
16,4,30,24,8
4,8,9,11,13
84518681@N00,6843
16,4,10,1,8
4,8,8,9,11
84518681@N00,6844
22,21,30
13,14,14
20741443@N00,775
22,21,23,11,30
13,14,14,14,14
20741443@N00,6179
22,3,23,21,30
13,13,13,14,14
20741443@N00,6180
22,21,23,30
13,14,14,14
20741443@N00,6181
22,23,30
23,23,1
20741443@N00,904
22,3,23,8,30
23,23,23,0,2
20741443@N00,6248
22,23,6,27,30
23,23,0,2,4
20741443@N00,6249
22,3,23,30
23,23,23,1
20741443@N00,6250
22,8,30
8,9,9
33473816@N00,1835
22,29,8,7,30
8,9,10,10,10
33473816@N00,6449
22,29,8,7,30
8,9,10,10,10
33473816@N00,6450
22,29,8,4,30
8,9,10,10,10
33473816@N00,6451
22,4,16,24,7,6,30
17,20,20,21,21,21,21
47616704@N00,3052
22,28,25,1,4,16,23,24,7,6,30
17,18,20,22,1,1,2,3,3,3,3
47616704@N00,6635
22,4,21,23,16,24,25,7,6,27,30
17,20,20,20,20,21,21,21,21,21,21
47616704@N00,6636
22,4,21,16,24,25,7,6,30
17,20,20,20,21,21,21,21,21
47616704@N00,6637
22,21,30
12,12,18
69525052@N06,4345
22,23,21,7,30
12,12,12,13,19
69525052@N06,6761
22,23,21,24,30
12,12,12,14,20
69525052@N06,6762
22,3,23,21,30
12,12,12,12,18
69525052@N06,6763
28,21,30
6,14,14
20741443@N00,744
28,7,21,23,30
6,6,14,14,14
20741443@N00,6167
28,23,6,21,30
6,6,9,17,17
20741443@N00,6168
28,21,23,3,30
6,14,14,14,14
20741443@N00,6169
28,21,30
13,14,14
9911655@N08,5959
28,7,21,23,30
13,13,14,14,14
9911655@N08,7010
28,23,21,30
13,13,14,14
9911655@N08,7011
28,22,21,23,30
13,13,14,14,14
9911655@N08,7012
28,22,23,29,7,30,16,21
6,6,6,7,9,9,9,12
16048448@N00,510
28,22,3,23,29,1,7,6,30,16,21
6,6,6,6,7,9,11,11,11,11,14
16048448@N00,6095
28,22,23,29,7,8,6,30,11,16,21
6,6,6,7,9,9,9,9,9,9,12
16048448@N00,6096
28,22,23,3,29,1,7,6,30,16,11,21
6,6,6,6,7,9,11,11,11,11,14,17
16048448@N00,6097
28,23,21
8,8,8
20741443@N00,763
28,22,7,23,21
8,8,8,8,8
20741443@N00,6176
28,7,23,11,21
8,8,8,8,8
20741443@N00,6177
28,7,8,23,21
8,8,8,8,8
20741443@N00,6178
28,23,21
7,7,7
20741443@N00,790
28,7,6,23,21
7,7,7,7,7
20741443@N00,6194
28,23,11,7,21
7,7,7,7,7
20741443@N00,6195
28,23,3,29,21
7,7,7,7,7
20741443@N00,6196
28,3,21
13,13,14
20741443@N00,870
28,3,29,22,21
13,13,13,14,15
20741443@N00,6230
28,3,29,30,21
13,13,13,13,14
20741443@N00,6231
28,3,23,6,21
13,13,14,15,16
20741443@N00,6232
28,22,21
11,11,17
30739892@N03,1620
28,23,22,27,21
11,11,11,13,19
30739892@N03,6419
28,22,11,4,21
11,11,12,15,21
30739892@N03,6420
28,7,22,4,21
11,11,11,13,19
30739892@N03,6421
28,25,21
10,12,13
48453097@N00,3133
28,7,22,25,21
10,10,10,12,13
48453097@N00,6641
28,25,4,10,21
10,12,13,13,14
48453097@N00,6642
28,25,4,8,21
10,12,13,14,15
48453097@N00,6643
28,23,21
9,9,10
81471618@N06,4972
28,7,23,22,21
9,9,9,10,11
81471618@N06,6827
28,22,3,23,21
9,9,9,9,10
81471618@N06,6828
28,23,3,21
9,9,9,10
81471618@N06,6829
28,22,21
9,12,13
84987970@N00,5287
28,7,23,22,21
9,9,9,12,13
84987970@N00,6899
28,22,11,25,21
9,12,13,14,15
84987970@N00,6900
28,6,22,29,21
9,12,15,16,17
84987970@N00,6901
28,23,21
14,14,15
9985167@N04,6018
28,22,7,23,21
14,14,14,14,15
9985167@N04,7028
28,22,7,23,21
14,14,14,14,15
9985167@N04,7029
28,7,6,23,21
14,14,14,14,15
9985167@N04,7030
24,8,30
12,14,14
31114347@N05,1642
24,16,8,7,30
12,14,16,16,16
31114347@N05,6425
24,8,4,22,30
12,14,14,14,14
31114347@N05,6426
24,16,7,8,30
12,14,15,17,17
31114347@N05,6427
24,30,7
6,7,7
43139087@N00,2703
24,30,7
6,7,7
43139087@N00,6599
24,30,7
6,7,7
43139087@N00,6600
24,30,1,29,7
6,7,7,7,7
43139087@N00,6601
1,30,4
5,5,7
98715075@N00,5927
1,16,30,28,4
5,5,5,7,9
98715075@N00,7001
1,16,8,30,4
5,5,5,5,7
98715075@N00,7002
1,30,6,22,4
5,5,6,7,9
98715075@N00,7003
25,19,15
4,5,6
16693950@N00,524
25,19,1,15
4,5,6,7
16693950@N00,6104
25,19,1,15
4,5,6,7
16693950@N00,6105
25,19,7,1,15
4,5,5,6,7
16693950@N00,6106
2,17,14
10,11,13
34211328@N00,1933
2,17,14
10,11,13
34211328@N00,6473
2,17,14
10,11,13
34211328@N00,6474
2,17,14
10,11,13
34211328@N00,6475
2,17,14
9,9,11
62486370@N00,4005
2,17,14
9,9,11
62486370@N00,6734
2,17,14
9,9,11
62486370@N00,6735
2,17,14
9,9,11
62486370@N00,6736
2,17,14
8,10,13
84987970@N00,5294
2,17,14
8,10,13
84987970@N00,6902
2,17,14
8,10,13
84987970@N00,6903
2,17,14
8,10,13
84987970@N00,6904
11,22,23,21
18,20,20,20
23987663@N00,1123
11,22,3,23,21
18,20,20,20,20
23987663@N00,6317
11,22,23,28,7,21
18,20,20,20,20,20
23987663@N00,6318
11,29,22,23,21
18,18,20,20,20
23987663@N00,6319
11,29,13,30,2,23,7,21
13,14,15,15,15,15,15,18
99771506@N00,5981
11,29,6,13,30,2,23,7,21
13,14,14,15,15,15,15,15,18
99771506@N00,7022
11,27,29,13,30,2,23,28,7,6,21
13,14,15,16,16,16,16,16,16,16,19
99771506@N00,7023
11,29,13,30,1,4,2,23,28,7,6,21
13,14,15,15,15,15,15,15,15,15,15,18
99771506@N00,7024
8,16,1
10,12,15
27895744@N00,1378
8,7,30,16,1
10,10,11,13,16
27895744@N00,6380
8,30,16,7,1
10,11,13,14,17
27895744@N00,6381
8,28,16,22,1
10,12,14,17,20
27895744@N00,6382
8,16,1
14,14,19
53874606@N00,3626
8,22,23,16,1
14,14,14,14,19
53874606@N00,6686
8,22,6,16,1
14,14,14,14,19
53874606@N00,6687
8,7,16,25,1
14,14,14,15,20
53874606@N00,6688
15,19,1
14,16,17
28157992@N03,1404
15,19,7,1
14,16,16,17
28157992@N03,6386
15,19,1
14,16,17
28157992@N03,6387
15,19,22,1
14,16,17,18
28157992@N03,6388
6,22,28
10,11,11
44654079@N05,2908
6,4,22,23,28
10,10,11,11,11
44654079@N05,6617
6,30,11,22,28
10,10,10,11,11
44654079@N05,6618
6,25,22,23,28
10,10,11,11,11
44654079@N05,6619
6,11,21,28
17,19,21,21
94064020@N00,5709
6,27,23,11,21,28
17,17,19,21,23,23
94064020@N00,6968
6,11,22,21,23,28
17,19,21,23,23,23
94064020@N00,6969
6,4,25,11,21,28
17,17,17,19,21,21
94064020@N00,6970
21,27,11
12,12,12
13907834@N00,316
21,23,27,11
12,12,12,12
13907834@N00,6077
21,27,11
12,12,12
13907834@N00,6078
21,23,27,11
12,12,12,12
13907834@N00,6079
21,22,4,16,25,11
5,5,7,7,8,9
51035681908@N01,3504
21,23,22,4,16,24,25,11
5,5,5,7,7,8,9,10
51035681908@N01,6677
21,23,22,4,16,24,25,11
5,5,5,7,7,8,9,10
51035681908@N01,6678
21,23,22,4,16,25,29,6,11
5,5,5,7,7,8,9,9,10
51035681908@N01,6679
27,29,23
18,20,21
70289230@N00,4374
27,11,16,29,23
18,19,20,22,23
70289230@N00,6770
27,29,30,6,23
18,20,20,20,21
70289230@N00,6771
27,29,11,23
18,20,20,21
70289230@N00,6772
21,6,25
13,14,14
42536354@N00,2666
21,6,30,4,25
13,14,14,14,14
42536354@N00,6593
21,6,4,25
13,14,14,14
42536354@N00,6594
21,22,8,6,25
13,14,15,16,16
42536354@N00,6595
23,7,30,16,8,4
15,15,15,15,16,16
25802393@N02,1281
23,7,30,11,16,24,8,4
15,15,15,15,15,16,17,17
25802393@N02,6353
23,7,6,30,16,8,22,4
15,15,15,15,15,16,16,16
25802393@N02,6354
23,7,6,30,16,24,8,22,4
15,15,15,15,15,16,17,17,17
25802393@N02,6355
13,4,16
6,10,11
60597745@N00,3935
13,11,4,8,16
6,8,12,13,14
60597745@N00,6713
13,30,4,21,16
6,6,10,10,11
60597745@N00,6714
13,24,4,1,16
6,9,13,14,15
60597745@N00,6715
13,24,16
10,13,16
87473264@N00,5475
13,24,7,28,16
10,13,15,16,19
87473264@N00,6929
13,24,11,23,16
10,13,16,18,21
87473264@N00,6930
13,8,23,24,16
10,12,14,17,20
87473264@N00,6931
21,23,28
13,13,13
20741443@N00,962
21,23,7,8,28
13,13,13,13,13
20741443@N00,6269
21,23,28
13,13,13
20741443@N00,6270
21,23,7,28
13,13,13,13
20741443@N00,6271
21,23,30,28
18,19,0,5
25475928@N04,1270
21,23,6,30,8,28
18,19,20,1,2,7
25475928@N04,6347
21,23,7,22,30,28
18,19,19,20,1,6
25475928@N04,6348
21,23,29,24,30,28
18,19,20,21,2,7
25475928@N04,6349
21,23,22,28
10,10,10,11
30624156@N00,1592
21,23,11,22,28
10,10,10,10,11
30624156@N00,6413
21,23,22,8,28
10,10,10,11,12
30624156@N00,6414
21,23,22,8,28
10,10,10,11,12
30624156@N00,6415
21,23,22,28
15,16,17,17
39460517@N03,2472
21,23,29,22,28
15,16,17,18,18
39460517@N03,6575
21,23,7,22,28
15,16,16,17,17
39460517@N03,6576
21,16,11,23,22,28
15,16,17,18,19,19
39460517@N03,6577
21,6,22,28
7,8,10,10
71482738@N00,4451
21,7,6,25,22,28
7,8,9,9,11,11
71482738@N00,6782
21,6,23,22,28
7,8,10,12,12
71482738@N00,6783
21,7,6,30,22,28
7,8,9,9,11,11
71482738@N00,6784
21,23,28
11,11,12
94828981@N08,5798
21,23,11,7,28
11,11,11,11,12
94828981@N08,6983
21,23,8,7,28
11,11,12,12,13
94828981@N08,6984
21,23,8,28
11,11,12,13
94828981@N08,6985
21,23,28
12,13,14
99127884@N00,5963
21,16,30,23,28
12,13,14,15,16
99127884@N00,7013
21,6,11,23,28
12,13,14,15,16
99127884@N00,7014
21,23,7,22,28
12,13,13,14,15
99127884@N00,7015
6,25,23
6,6,10
29352917@N00,1525
6,30,4,25,23
6,6,6,6,10
29352917@N00,6404
6,30,4,25,23
6,6,6,6,10
29352917@N00,6405
6,30,4,25,23
6,6,6,6,10
29352917@N00,6406
21,23,28,22,7
7,7,7,8,8
43139087@N00,2705
21,23,28,22,7
7,7,7,8,8
43139087@N00,6602
21,23,28,16,4,22,7
7,7,7,8,9,10,10
43139087@N00,6603
21,23,28,16,22,7
7,7,7,8,9,9
43139087@N00,6604
3,23,22,30
19,19,20,23
11090433@N05,139
3,29,23,22,6,30
19,19,19,20,21,0
11090433@N05,6044
3,29,23,6,22,30
19,19,19,20,21,0
11090433@N05,6045
3,23,22,16,6,30
19,19,20,23,1,4
11090433@N05,6046
11,19,15
5,6,7
81471618@N06,4973
11,7,19,1,15
5,5,6,7,8
81471618@N06,6830
11,19,1,15
5,6,7,8
81471618@N06,6831
11,29,7,19,15
5,5,5,6,7
81471618@N06,6832
11,29,6,22,28,7,30,1,15
7,7,8,12,12,12,12,12,13
99127884@N00,5964
11,29,6,4,22,28,23,7,30,1,15
7,7,8,8,12,12,12,12,12,12,13
99127884@N00,7016
11,29,27,6,22,28,23,7,30,1,15
7,7,8,9,13,13,13,13,13,13,14
99127884@N00,7017
11,29,6,22,28,23,7,30,1,15
7,7,8,12,12,12,12,12,12,13
99127884@N00,7018
22,28,23,21
10,10,10,10
10502709@N05,71
22,28,7,8,23,21
10,10,10,10,10,10
10502709@N05,6035
22,28,23,3,21
10,10,10,10,10
10502709@N05,6036
22,28,7,23,21
10,10,10,10,10
10502709@N05,6037
22,30,7,1,8,16,21
12,12,12,12,12,12,14
20456447@N03,686
22,30,11,7,23,1,8,6,16,21
12,12,12,12,12,12,12,12,12,14
20456447@N03,6137
22,30,7,23,1,8,6,16,25,4,21
12,12,12,12,12,12,12,12,13,14,16
20456447@N03,6138
22,3,30,11,7,23,28,1,8,16,21
12,12,12,12,12,12,12,12,12,12,14
20456447@N03,6139
22,28,23,21
12,13,13,13
39460517@N03,2466
22,28,7,23,21
12,13,13,13,13
39460517@N03,6569
22,28,7,23,21
12,13,13,13,13
39460517@N03,6570
22,28,7,23,11,21
12,13,13,13,13,13
39460517@N03,6571
22,28,21
7,8,12
39460517@N03,2471
22,8,28,7,21
7,8,9,9,13
39460517@N03,6572
22,28,16,30,21
7,8,9,10,14
39460517@N03,6573
22,8,28,6,21
7,8,9,12,16
39460517@N03,6574
22,28,23,21
12,12,12,12
61609579@N00,3975
22,28,23,7,11,21
12,12,12,12,12,12
61609579@N00,6728
22,28,7,23,3,21
12,12,12,12,12,12
61609579@N00,6729
22,28,23,21
12,12,12,12
61609579@N00,6730
22,28,21
6,6,7
75450299@N07,4580
22,23,7,28,21
6,6,6,6,7
75450299@N07,6800
22,28,23,21
6,6,6,7
75450299@N07,6801
22,23,7,28,21
6,6,6,6,7
75450299@N07,6802
22,28,23,21
13,14,14,14
84987970@N00,5180
22,28,23,11,7,21
13,14,14,14,14,14
84987970@N00,6851
22,8,28,23,11,21
13,14,15,15,15,15
84987970@N00,6852
22,28,7,23,21
13,14,14,14,14
84987970@N00,6853
22,30,21
9,10,10
84987970@N00,5343
22,30,24,11,21
9,10,10,10,10
84987970@N00,6920
22,29,27,30,21
9,10,11,12,12
84987970@N00,6921
22,28,30,11,21
9,10,11,11,11
84987970@N00,6922
22,23,21
19,19,20
98715075@N00,5932
22,3,23,8,21
19,19,19,20,21
98715075@N00,7004
22,23,6,30,21
19,19,20,20,21
98715075@N00,7005
22,23,28,6,21
19,19,19,20,21
98715075@N00,7006
22,28,21
12,13,14
9985167@N04,6011
22,23,28,30,21
12,12,13,14,15
9985167@N04,7025
22,3,23,28,21
12,12,12,13,14
9985167@N04,7026
22,29,8,28,21
12,13,14,15,16
9985167@N04,7027
4,10,1
17,17,17
59525924@N05,3881
4,10,1
17,17,17
59525924@N05,6704
4,10,1
17,17,17
59525924@N05,6705
4,10,1
17,17,17
59525924@N05,6706
19,7,23,21
11,11,11,12
33182025@N00,1802
19,7,23,21
11,11,11,12
33182025@N00,6446
19,7,23,29,21
11,11,11,12,13
33182025@N00,6447
19,7,23,8,21
11,11,11,12,13
33182025@N00,6448
16,11,13
5,10,11
23908938@N02,1121
16,29,24,11,13
5,7,10,15,16
23908938@N02,6314
16,11,24,13
5,10,11,12
23908938@N02,6315
16,23,11,24,13
5,6,11,12,13
23908938@N02,6316
16,24,13
7,8,11
27947906@N08,1385
16,24,30,11,13
7,8,9,12,15
27947906@N08,6383
16,7,24,11,13
7,8,9,12,15
27947906@N08,6384
16,30,24,11,13
7,8,9,12,15
27947906@N08,6385
7,22,28
9,11,11
11241023@N03,166
7,22,3,23,28
9,11,11,11,11
11241023@N03,6056
7,23,8,22,28
9,9,9,11,11
11241023@N03,6057
7,8,22,23,28
9,9,11,11,11
11241023@N03,6058
7,23,21,28
8,8,8,8
20741443@N00,786
7,8,23,11,21,28
8,8,8,8,8,8
20741443@N00,6188
7,6,23,21,28
8,8,8,8,8
20741443@N00,6189
7,23,21,28
8,8,8,8
20741443@N00,6190
7,30,21,23,28
8,12,15,15,16
20741443@N00,809
7,24,22,30,21,23,28
8,10,14,18,21,21,22
20741443@N00,6200
7,11,30,21,23,22,28
8,11,15,18,18,19,20
20741443@N00,6201
7,22,30,8,21,23,28
8,10,14,15,18,18,19
20741443@N00,6202
7,30,16,28
10,11,11,17
23908938@N02,1118
7,30,24,25,16,28
10,11,11,11,11,17
23908938@N02,6311
7,23,30,11,16,28
10,10,11,11,11,17
23908938@N02,6312
7,8,30,16,23,28
10,10,11,11,12,18
23908938@N02,6313
21,23,28,6
12,12,12,15
84987970@N00,5278
21,23,28,6
12,12,12,15
84987970@N00,6893
21,23,28,22,30,6
12,12,12,12,13,16
84987970@N00,6894
21,23,28,7,6
12,12,12,12,15
84987970@N00,6895
11,27,6
16,17,18
26195569@N00,1310
11,7,30,27,6
16,16,17,18,19
26195569@N00,6359
11,27,6
16,17,18
26195569@N00,6360
11,29,27,6
16,16,17,18
26195569@N00,6361
6,21,23,28,22
7,8,8,8,9
35034347485@N01,2069
6,21,23,11,7,28,30,22
7,8,8,8,8,8,9,10
35034347485@N01,6509
6,27,11,21,23,28,22
7,7,8,9,9,9,10
35034347485@N01,6510
6,21,23,28,30,11,8,22
7,8,8,8,9,9,10,11
35034347485@N01,6511
6,21,22
14,17,17
61377999@N03,3967
6,13,11,21,22
14,16,18,21,21
61377999@N03,6719
6,11,21,23,22
14,16,19,19,19
61377999@N03,6720
6,25,11,21,22
14,14,16,19,19
61377999@N03,6721
25,16,24
10,10,11
24854893@N00,1247
25,16,4,24
10,10,11,12
24854893@N00,6341
25,16,8,24
10,10,10,11
24854893@N00,6342
25,16,4,24
10,10,11,12
24854893@N00,6343
14,2,17
9,10,15
9449875@N03,5751
14,2,17
9,10,15
9449875@N03,6977
14,2,17
9,10,15
9449875@N03,6978
14,2,17
9,10,15
9449875@N03,6979
30,23,28
7,9,12
28288718@N03,1424
30,6,23,22,28
7,8,10,11,14
28288718@N03,6395
30,23,21,24,28
7,9,10,12,15
28288718@N03,6396
30,23,29,24,28
7,9,10,11,14
28288718@N03,6397
24,16,30,6,21
10,11,11,12,12
35468159247@N01,2196
24,25,16,8,30,6,21
10,10,11,11,11,12,12
35468159247@N01,6521
24,16,8,30,11,23,6,21
10,11,11,11,11,12,13,13
35468159247@N01,6522
24,16,8,30,6,21
10,11,11,11,12,12
35468159247@N01,6523
24,28,22,21
9,11,11,12
37517876@N07,2340
24,30,28,22,6,21
9,10,12,12,13,14
37517876@N07,6548
24,7,28,23,22,21
9,11,13,13,13,14
37517876@N07,6549
24,8,7,28,22,21
9,11,13,15,15,16
37517876@N07,6550
23,28,16,24,4,8,30
5,5,6,7,11,11,11
20342758@N00,681
23,28,16,25,7,24,4,8,22,30
5,5,6,7,8,9,13,13,13,13
20342758@N00,6131
23,7,28,16,24,11,25,4,8,22,30
5,5,5,6,7,10,12,16,16,16,16
20342758@N00,6132
23,28,7,1,29,16,24,4,8,30
5,5,5,6,6,7,8,12,12,12
20342758@N00,6133
23,28,30
8,8,8
20741443@N00,816
23,7,8,28,30
8,8,8,8,8
20741443@N00,6209
23,7,28,22,30
8,8,8,8,8
20741443@N00,6210
23,28,22,7,30
8,8,8,8,8
20741443@N00,6211
23,16,30
8,14,17
20741443@N00,843
23,13,11,16,30
8,12,14,20,23
20741443@N00,6221
23,16,8,30
8,14,14,17
20741443@N00,6222
23,8,24,16,30
8,9,10,16,19
20741443@N00,6223
23,21,28,30
9,9,13,14
20741443@N00,884
23,21,7,28,22,30
9,9,10,14,14,15
20741443@N00,6242
23,21,24,28,22,30
9,9,11,15,15,16
20741443@N00,6243
23,21,24,28,22,30
9,9,11,15,15,16
20741443@N00,6244
23,21,30
13,13,19
84035351@N00,5029
23,7,21,24,30
13,13,13,15,21
84035351@N00,6839
23,11,21,1,30
13,13,13,15,21
84035351@N00,6840
23,21,11,13,30
13,13,14,15,21
84035351@N00,6841
24,15,19
6,8,9
84987970@N00,5325
24,15,19
6,8,9
84987970@N00,6911
24,15,19
6,8,9
84987970@N00,6912
24,15,19
6,8,9
84987970@N00,6913
23,28,7,24
5,5,6,8
98222757@N02,5913
23,28,22,7,24
5,5,5,6,8
98222757@N02,6998
23,28,22,7,24
5,5,5,6,8
98222757@N02,6999
23,28,22,7,24
5,5,5,6,8
98222757@N02,7000
21,8,22,28,23,3
15,17,17,18,19,19
54058873@N00,3636
21,30,8,7,6,22,28,23,3
15,17,19,19,19,19,20,21,21
54058873@N00,6689
21,8,7,6,22,28,23,3
15,17,17,17,17,18,19,19
54058873@N00,6690
21,16,7,8,22,28,30,23,3
15,16,17,19,19,20,21,22,22
54058873@N00,6691
21,22,3
10,11,11
84987970@N00,5215
21,16,6,22,3
10,11,12,13,13
84987970@N00,6863
21,22,23,3
10,11,11,11
84987970@N00,6864
21,22,23,28,3
10,11,11,11,11
84987970@N00,6865
23,22,28,1
5,6,6,8
25846522@N00,1283
23,24,22,28,16,1
5,6,7,7,8,10
25846522@N00,6356
23,22,28,21,1
5,6,6,8,10
25846522@N00,6357
23,11,8,22,28,1
5,5,6,7,7,9
25846522@N00,6358
21,7,30,16,4
7,8,8,8,8
44925192@N00,2916
21,7,30,16,8,4
7,8,8,8,8,8
44925192@N00,6620
21,7,30,16,8,22,6,4
7,8,8,8,8,8,8,8
44925192@N00,6621
21,11,7,23,8,30,16,4
7,8,9,9,9,9,9,9
44925192@N00,6622
21,30,8,16,4
15,15,15,16,16
51035610516@N01,3501
21,30,8,24,16,4
15,15,15,16,17,17
51035610516@N01,6674
21,23,30,8,7,16,4
15,15,15,15,15,16,16
51035610516@N01,6675
21,23,30,8,16,4
15,15,15,15,16,16
51035610516@N01,6676
28,4,16
7,8,8
62373848@N00,4004
28,30,6,4,16
7,8,9,10,10
62373848@N00,6731
28,22,4,21,16
7,7,8,8,8
62373848@N00,6732
28,4,21,23,16
7,8,8,8,8
62373848@N00,6733
28,4,16
8,10,14
98185064@N00,5912
28,30,4,22,16
8,9,11,14,18
98185064@N00,6995
28,4,21,11,16
8,10,10,11,15
98185064@N00,6996
28,4,24,22,16
8,10,12,15,19
98185064@N00,6997
21,23,30
4,5,7
10627620@N06,100
21,23,7,28,30
4,5,5,5,7
10627620@N06,6041
21,23,7,28,30
4,5,5,5,7
10627620@N06,6042
21,23,28,4,30
4,5,5,7,9
10627620@N06,6043
21,23,30
9,9,14
20741443@N00,883
21,23,11,7,30
9,9,9,9,14
20741443@N00,6239
21,23,11,8,30
9,9,9,13,18
20741443@N00,6240
21,23,29,7,30
9,9,10,12,17
20741443@N00,6241
21,7,30
13,13,14
20741443@N00,923
21,7,16,4,30
13,13,14,15,16
20741443@N00,6260
21,7,28,22,30
13,13,14,14,15
20741443@N00,6261
21,7,28,23,30
13,13,14,14,15
20741443@N00,6262
21,28,30
10,14,14
28288718@N03,1423
21,16,7,28,30
10,11,12,16,16
28288718@N03,6392
21,23,22,28,30
10,10,11,15,15
28288718@N03,6393
21,8,28,22,30
10,12,16,16,16
28288718@N03,6394
21,24,30
6,8,8
75396048@N00,4570
21,13,16,24,30
6,7,8,10,10
75396048@N00,6794
21,13,24,30
6,7,9,9
75396048@N00,6795
21,13,11,24,30
6,7,9,11,11
75396048@N00,6796
7,23,28,30,21,22,11
8,8,8,10,11,11,14
20741443@N00,905
7,23,28,30,21,22,29,8,16,25,11
8,8,8,10,11,11,12,13,16,17,20
20741443@N00,6251
7,23,28,3,30,21,22,27,11
8,8,8,10,12,13,13,15,18
20741443@N00,6252
7,6,27,23,28,30,21,22,25,11
8,8,8,8,8,10,11,11,12,15
20741443@N00,6253
7,16,11
5,6,8
96083563@N00,5842
7,6,16,25,11
5,5,6,7,9
96083563@N00,6986
7,6,16,24,11
5,5,6,7,9
96083563@N00,6987
7,23,16,21,11
5,5,6,8,10
96083563@N00,6988
28,21,3
12,12,13
20741443@N00,969
28,21,23,3
12,12,12,13
20741443@N00,6278
28,21,22,23,3
12,12,13,13,14
20741443@N00,6279
28,7,22,21,3
12,12,12,12,13
20741443@N00,6280
27,11,30
6,7,11
50642338@N00,3481
27,6,25,11,30
6,7,7,8,12
50642338@N00,6668
27,6,11,30
6,7,8,12
50642338@N00,6669
27,11,29,30
6,7,7,11
50642338@N00,6670
30,28,23,7
8,8,9,9
20741443@N00,753
30,28,16,25,23,7
8,8,9,10,11,11
20741443@N00,6173
30,28,22,16,23,7
8,8,8,9,10,10
20741443@N00,6174
30,28,23,11,7
8,8,9,9,9
20741443@N00,6175
30,22,7
4,7,12
20741443@N00,807
30,22,28,1,7
4,7,8,12,17
20741443@N00,6197
30,22,25,1,7
4,7,8,12,17
20741443@N00,6198
30,22,28,25,7
4,7,8,9,14
20741443@N00,6199
30,8,7
10,10,10
39587684@N00,2496
30,1,8,6,7
10,10,10,10,10
39587684@N00,6578
30,8,22,6,7
10,10,10,10,10
39587684@N00,6579
30,1,8,6,7
10,10,10,10,10
39587684@N00,6580
30,16,7
7,9,9
48085290@N00,3090
30,21,22,16,7
7,9,11,13,13
48085290@N00,6638
30,22,16,8,7
7,9,11,11,11
48085290@N00,6639
30,4,8,16,7
7,9,10,12,12
48085290@N00,6640
30,16,4,1,7
7,8,9,12,15
9025385@N07,5541
30,16,4,22,1,29,8,7
7,8,9,12,15,15,16,19
9025385@N07,6941
30,16,8,24,4,1,7
7,8,8,9,10,13,16
9025385@N07,6942
30,8,22,16,4,1,29,7
7,8,8,9,10,13,13,16
9025385@N07,6943
28,16,4
6,7,8
42907325@N00,2686
28,22,16,25,4
6,6,7,8,9
42907325@N00,6596
28,16,25,4
6,7,8,9
42907325@N00,6597
28,23,22,16,4
6,6,6,7,8
42907325@N00,6598
7,23,21
9,9,14
20741443@N00,879
7,23,3,4,21
9,9,9,13,18
20741443@N00,6233
7,8,23,6,21
9,9,9,10,15
20741443@N00,6234
7,8,22,23,21
9,9,9,9,14
20741443@N00,6235
30,22,28,29,16
10,13,13,13,15
34314322@N00,1993
30,4,22,3,23,28,29,16
10,12,15,15,15,15,15,17
34314322@N00,6497
30,22,28,7,6,23,29,16
10,13,13,13,13,13,13,15
34314322@N00,6498
30,7,23,22,28,29,16
10,11,12,15,15,15,17
34314322@N00,6499
30,23,21,22,6,16
8,8,8,8,8,9
84987970@N00,5250
30,11,23,28,3,21,22,6,16
8,8,8,8,8,8,8,8,9
84987970@N00,6872
30,11,23,21,22,6,25,16
8,8,8,8,8,8,8,9
84987970@N00,6873
30,23,7,21,22,6,16
8,8,8,8,8,8,9
84987970@N00,6874
30,7,24,16
3,14,15,17
9025385@N07,5539
30,7,23,24,28,16
3,14,14,15,17,19
9025385@N07,6938
30,7,24,8,28,16
3,14,15,17,19,21
9025385@N07,6939
30,21,28,7,24,16
3,5,6,17,18,20
9025385@N07,6940
16,30,22,6
10,10,15,19
36553196@N08,2275
16,30,27,23,22,6
10,10,11,12,17,21
36553196@N08,6536
16,30,1,4,22,6
10,10,10,12,17,21
36553196@N08,6537
16,8,30,22,6
10,10,10,15,19
36553196@N08,6538
16,8,28,22,6
11,12,13,13,13
78015320@N00,4782
16,8,24,28,23,7,22,6
11,12,13,14,14,14,14,14
78015320@N00,6812
16,8,7,30,24,28,22,6
11,12,12,13,13,14,14,14
78015320@N00,6813
16,8,28,22,3,23,6
11,12,13,13,13,13,13
78015320@N00,6814
7,11,25
6,7,10
61377999@N03,3969
7,11,4,24,25
6,7,10,12,15
61377999@N03,6725
7,23,11,22,25
6,6,7,9,12
61377999@N03,6726
7,30,27,11,25
6,7,8,9,12
61377999@N03,6727
6,22,28,21,23,30,7
17,17,17,18,19,22,23
84987970@N00,5254
6,22,28,16,21,23,3,30,7
17,17,17,18,19,20,20,23,0
84987970@N00,6878
6,22,28,16,8,21,11,23,30,7
17,17,17,18,18,19,20,21,0,1
84987970@N00,6879
6,4,22,28,21,11,29,23,30,1,7
17,17,17,17,18,19,19,20,23,23,0
84987970@N00,6880
28,23,22
19,21,22
10502709@N05,67
28,3,23,7,22
19,21,23,23,0
10502709@N05,6032
28,4,25,23,22
19,21,23,1,2
10502709@N05,6033
28,23,7,11,22
19,21,21,21,22
10502709@N05,6034
28,23,21,11,22
22,22,23,0,1
20741443@N00,788
28,7,23,3,21,11,16,22
22,22,22,22,23,0,1,2
20741443@N00,6191
28,7,23,29,13,21,11,22
22,22,22,23,0,1,2,3
20741443@N00,6192
28,23,21,11,29,7,22
22,22,23,0,0,0,1
20741443@N00,6193
28,23,22
23,23,23
55929357@N00,3707
28,7,23,11,22
23,23,23,23,23
55929357@N00,6692
28,7,23,11,22
23,23,23,23,23
55929357@N00,6693
28,23,11,7,22
23,23,23,23,23
55929357@N00,6694
8,16,4
14,15,15
25561968@N00,1275
8,6,16,4
14,14,15,15
25561968@N00,6350
8,30,11,16,4
14,15,15,16,16
25561968@N00,6351
8,16,4
14,15,15
25561968@N00,6352
28,22,25
12,12,14
32781576@N04,1782
28,23,22,11,25
12,12,12,13,15
32781576@N04,6434
28,23,22,11,25
12,12,12,13,15
32781576@N04,6435
28,7,22,4,25
12,12,12,14,16
32781576@N04,6436
11,23,3,30,7,16,4,1,2
5,6,7,8,8,11,11,12,13
69754957@N00,4351
11,21,6,23,3,29,30,7,16,4,1,2
5,6,7,8,9,9,10,10,13,13,14,15
69754957@N00,6764
11,23,3,21,30,24,7,22,16,8,4,1,2
5,6,7,8,9,9,9,11,14,14,14,15,16
69754957@N00,6765
11,23,3,29,21,30,7,24,16,8,6,4,1,2
5,6,7,7,8,9,9,11,14,14,14,14,15,16
69754957@N00,6766
